{
"lengthUnit": "mil",
"components": {
	"fields": ["COMPONENT_NO", "COMPONENT_NAME", "LAYER", "X_COORDINATE", "Y_COORDINATE", "ANGLE"],
	"rows": [
		[1, "555AstablePOT", "T", 2209.8, -4940.71, 270],
		[2, "555BistableSwitch1", "T", 3149.61, -3099.61, 270],
		[3, "555MonoStablePush1", "T", 4079.41, -4920, 270],
		[4, "AND_74hc08_1", "T", 1574.8, -2103.5, 270],
		[5, "C1SmoothingCapacitor2", "T", 3750, -5340, 0],
		[6, "C2", "T", 1770, -5330, 0],
		[7, "KEY1", "T", 5465, -4965, 0],
		[8, "LED1", "T", 3149.61, -390, 0],
		[9, "NOT_74hc04_1", "T", 3149.61, -1494.61, 270],
		[10, "OR_74hc32_1", "T", 4724.41, -2103.5, 270],
		[11, "OUT_1MHZ", "T", 4724.41, -590.55, 0],
		[12, "Out_555", "T", 1574.8, -590.55, 0],
		[13, "power-1", "T", 590.55, -393.7, 0],
		[14, "power-2", "T", 5708.66, -393.7, 0],
		[15, "power-3", "T", 590.55, -5905.51, 0],
		[16, "power-4", "T", 5708.66, -5905.51, 0],
		[17, "R1", "T", 2446.02, -5531.26, 0],
		[18, "R2", "T", 3149.61, -665, 0],
		[19, "R3", "T", 1215, -5040, 0],
		[20, "R4", "T", 1934.21, -5531.26, 180],
		[21, "R5", "T", 4355, -5540, 0],
		[22, "R9", "T", 3850, -5540, 180],
		[23, "R10", "T", 3155, -3480, 0],
		[24, "R12", "T", 2635, -3480, 0],
		[25, "SCREW1", "T", 6102.36, -6102.36, 0],
		[26, "SCREW3", "T", 196.85, -6102.36, 0],
		[27, "SCREW4", "T", 6102.36, -3149.61, 0],
		[28, "SCREW5", "T", 6102.36, -196.85, 0],
		[29, "SCREW6", "T", 196.85, -196.85, 0],
		[30, "SCREW7", "T", 196.85, -3149.61, 0],
		[31, "SW1", "T", 3149.61, -4410, 0],
		[32, "SW2", "T", 5235, -3379.8, 0],
		[33, "U4", "T", 2603.5, -5334.41, 0],
		[34, "U5", "T", 4405, -5330, 0],
		[35, "U6", "T", 3640, -3480, 0],
		[36, "X1", "T", 4705, -3379.8, 0]
	]
},
"pins": {
	"fields": ["PIN_NO", "PIN_NAME", "PIN_X", "PIN_Y", "LAYER", "PIN_TYPE", "NET_NAME", "NET_TYPE", "PAD_SHAPE", "PAD_SIZEX", "PAD_SIZEY", "HOLE_SIZE", "PAD_ANGLE"],
	"rows": [
		[1, "555AstablePOT_1", 2059.8, -4790.77, "T", "DIP", "GROUND", "", "R", 62.99, 62.99, 39.37, 0],
		[2, "555AstablePOT_1", 2059.8, -4790.77, "B", "DIP", "GROUND", "", "R", 62.99, 62.99, 39.37, 0],
		[3, "555AstablePOT_2", 2059.8, -4890.71, "T", "DIP", "TRIG_2_THR", "", "C", 62.99, 62.99, 39.37, 0],
		[4, "555AstablePOT_2", 2059.8, -4890.71, "B", "DIP", "TRIG_2_THR", "", "C", 62.99, 62.99, 39.37, 0],
		[5, "555AstablePOT_3", 2059.8, -4990.71, "T", "DIP", "OUT_POT", "", "C", 62.99, 62.99, 39.37, 0],
		[6, "555AstablePOT_3", 2059.8, -4990.71, "B", "DIP", "OUT_POT", "", "C", 62.99, 62.99, 39.37, 0],
		[7, "555AstablePOT_4", 2059.8, -5090.71, "T", "DIP", "5V", "", "C", 62.99, 62.99, 39.37, 0],
		[8, "555AstablePOT_4", 2059.8, -5090.71, "B", "DIP", "5V", "", "C", 62.99, 62.99, 39.37, 0],
		[9, "555AstablePOT_5", 2359.8, -5090.71, "T", "DIP", "CTRL_555_1", "", "C", 62.99, 62.99, 39.37, 0],
		[10, "555AstablePOT_5", 2359.8, -5090.71, "B", "DIP", "CTRL_555_1", "", "C", 62.99, 62.99, 39.37, 0],
		[11, "555AstablePOT_6", 2359.8, -4990.71, "T", "DIP", "TRIG_2_THR", "", "C", 62.99, 62.99, 39.37, 0],
		[12, "555AstablePOT_6", 2359.8, -4990.71, "B", "DIP", "TRIG_2_THR", "", "C", 62.99, 62.99, 39.37, 0],
		[13, "555AstablePOT_7", 2359.8, -4890.71, "T", "DIP", "DIS_POT", "", "C", 62.99, 62.99, 39.37, 0],
		[14, "555AstablePOT_7", 2359.8, -4890.71, "B", "DIP", "DIS_POT", "", "C", 62.99, 62.99, 39.37, 0],
		[15, "555AstablePOT_8", 2359.8, -4790.71, "T", "DIP", "5V", "", "C", 62.99, 62.99, 39.37, 0],
		[16, "555AstablePOT_8", 2359.8, -4790.71, "B", "DIP", "5V", "", "C", 62.99, 62.99, 39.37, 0],
		[17, "555BistableSwitch1_1", 2999.61, -2949.67, "T", "DIP", "GROUND", "", "R", 62.99, 62.99, 39.37, 0],
		[18, "555BistableSwitch1_1", 2999.61, -2949.67, "B", "DIP", "GROUND", "", "R", 62.99, 62.99, 39.37, 0],
		[19, "555BistableSwitch1_2", 2999.61, -3049.61, "T", "DIP", "TRIG_BI", "", "C", 62.99, 62.99, 39.37, 0],
		[20, "555BistableSwitch1_2", 2999.61, -3049.61, "B", "DIP", "TRIG_BI", "", "C", 62.99, 62.99, 39.37, 0],
		[21, "555BistableSwitch1_3", 2999.61, -3149.61, "T", "DIP", "OUT_BI", "", "C", 62.99, 62.99, 39.37, 0],
		[22, "555BistableSwitch1_3", 2999.61, -3149.61, "B", "DIP", "OUT_BI", "", "C", 62.99, 62.99, 39.37, 0],
		[23, "555BistableSwitch1_4", 2999.61, -3249.61, "T", "DIP", "RESET_BI", "", "C", 62.99, 62.99, 39.37, 0],
		[24, "555BistableSwitch1_4", 2999.61, -3249.61, "B", "DIP", "RESET_BI", "", "C", 62.99, 62.99, 39.37, 0],
		[25, "555BistableSwitch1_5", 3299.61, -3249.61, "T", "DIP", "CTRL_BI", "", "C", 62.99, 62.99, 39.37, 0],
		[26, "555BistableSwitch1_5", 3299.61, -3249.61, "B", "DIP", "CTRL_BI", "", "C", 62.99, 62.99, 39.37, 0],
		[27, "555BistableSwitch1_6", 3299.61, -3149.61, "T", "DIP", "GROUND", "", "C", 62.99, 62.99, 39.37, 0],
		[28, "555BistableSwitch1_6", 3299.61, -3149.61, "B", "DIP", "GROUND", "", "C", 62.99, 62.99, 39.37, 0],
		[29, "555BistableSwitch1_7", 3299.61, -3049.61, "T", "DIP", "555BistableSwitch1_7", "", "C", 62.99, 62.99, 39.37, 0],
		[30, "555BistableSwitch1_7", 3299.61, -3049.61, "B", "DIP", "555BistableSwitch1_7", "", "C", 62.99, 62.99, 39.37, 0],
		[31, "555BistableSwitch1_8", 3299.61, -2949.61, "T", "DIP", "5V", "", "C", 62.99, 62.99, 39.37, 0],
		[32, "555BistableSwitch1_8", 3299.61, -2949.61, "B", "DIP", "5V", "", "C", 62.99, 62.99, 39.37, 0],
		[33, "555MonoStablePush1_1", 3929.41, -4770.06, "T", "DIP", "GROUND", "", "R", 62.99, 62.99, 39.37, 0],
		[34, "555MonoStablePush1_1", 3929.41, -4770.06, "B", "DIP", "GROUND", "", "R", 62.99, 62.99, 39.37, 0],
		[35, "555MonoStablePush1_2", 3929.41, -4870, "T", "DIP", "TRIG_PUSH", "", "C", 62.99, 62.99, 39.37, 0],
		[36, "555MonoStablePush1_2", 3929.41, -4870, "B", "DIP", "TRIG_PUSH", "", "C", 62.99, 62.99, 39.37, 0],
		[37, "555MonoStablePush1_3", 3929.41, -4970, "T", "DIP", "OUT_PUSH", "", "C", 62.99, 62.99, 39.37, 0],
		[38, "555MonoStablePush1_3", 3929.41, -4970, "B", "DIP", "OUT_PUSH", "", "C", 62.99, 62.99, 39.37, 0],
		[39, "555MonoStablePush1_4", 3929.41, -5070, "T", "DIP", "5V", "", "C", 62.99, 62.99, 39.37, 0],
		[40, "555MonoStablePush1_4", 3929.41, -5070, "B", "DIP", "5V", "", "C", 62.99, 62.99, 39.37, 0],
		[41, "555MonoStablePush1_5", 4229.41, -5070, "T", "DIP", "CTRL_PUSH", "", "C", 62.99, 62.99, 39.37, 0],
		[42, "555MonoStablePush1_5", 4229.41, -5070, "B", "DIP", "CTRL_PUSH", "", "C", 62.99, 62.99, 39.37, 0],
		[43, "555MonoStablePush1_6", 4229.41, -4970, "T", "DIP", "DIS_THR_PUSH", "", "C", 62.99, 62.99, 39.37, 0],
		[44, "555MonoStablePush1_6", 4229.41, -4970, "B", "DIP", "DIS_THR_PUSH", "", "C", 62.99, 62.99, 39.37, 0],
		[45, "555MonoStablePush1_7", 4229.41, -4870, "T", "DIP", "DIS_THR_PUSH", "", "C", 62.99, 62.99, 39.37, 0],
		[46, "555MonoStablePush1_7", 4229.41, -4870, "B", "DIP", "DIS_THR_PUSH", "", "C", 62.99, 62.99, 39.37, 0],
		[47, "555MonoStablePush1_8", 4229.41, -4770, "T", "DIP", "5V", "", "C", 62.99, 62.99, 39.37, 0],
		[48, "555MonoStablePush1_8", 4229.41, -4770, "B", "DIP", "5V", "", "C", 62.99, 62.99, 39.37, 0],
		[49, "AND_74hc08_1_1", 1424.8, -1803.5, "T", "DIP", "NOT_HLT_810", "", "R", 63, 63, 35.43, 270],
		[50, "AND_74hc08_1_1", 1424.8, -1803.5, "B", "DIP", "NOT_HLT_810", "", "R", 63, 63, 35.43, 270],
		[51, "AND_74hc08_1_2", 1424.8, -1903.5, "T", "DIP", "OR_OUT_39", "", "C", 63, 63, 35.43, 270],
		[52, "AND_74hc08_1_2", 1424.8, -1903.5, "B", "DIP", "OR_OUT_39", "", "C", 63, 63, 35.43, 270],
		[53, "AND_74hc08_1_3", 1424.8, -2003.5, "T", "DIP", "CLK", "", "C", 63, 63, 35.43, 270],
		[54, "AND_74hc08_1_3", 1424.8, -2003.5, "B", "DIP", "CLK", "", "C", 63, 63, 35.43, 270],
		[55, "AND_74hc08_1_4", 1424.8, -2103.5, "T", "DIP", "AND_74hc08_1_4", "", "C", 63, 63, 35.43, 270],
		[56, "AND_74hc08_1_4", 1424.8, -2103.5, "B", "DIP", "AND_74hc08_1_4", "", "C", 63, 63, 35.43, 270],
		[57, "AND_74hc08_1_5", 1424.8, -2203.5, "T", "DIP", "AND_74hc08_1_5", "", "C", 63, 63, 35.43, 270],
		[58, "AND_74hc08_1_5", 1424.8, -2203.5, "B", "DIP", "AND_74hc08_1_5", "", "C", 63, 63, 35.43, 270],
		[59, "AND_74hc08_1_6", 1424.8, -2303.5, "T", "DIP", "AND_74hc08_1_6", "", "C", 63, 63, 35.43, 270],
		[60, "AND_74hc08_1_6", 1424.8, -2303.5, "B", "DIP", "AND_74hc08_1_6", "", "C", 63, 63, 35.43, 270],
		[61, "AND_74hc08_1_7", 1424.8, -2403.5, "T", "DIP", "GROUND", "", "C", 63, 63, 35.43, 270],
		[62, "AND_74hc08_1_7", 1424.8, -2403.5, "B", "DIP", "GROUND", "", "C", 63, 63, 35.43, 270],
		[63, "AND_74hc08_1_8", 1724.8, -2403.5, "T", "DIP", "AND_OUT_NOTBI_PUSH_62", "", "C", 63, 63, 35.43, 270],
		[64, "AND_74hc08_1_8", 1724.8, -2403.5, "B", "DIP", "AND_OUT_NOTBI_PUSH_62", "", "C", 63, 63, 35.43, 270],
		[65, "AND_74hc08_1_9", 1724.8, -2303.5, "T", "DIP", "OUT_PUSH", "", "C", 63, 63, 35.43, 270],
		[66, "AND_74hc08_1_9", 1724.8, -2303.5, "B", "DIP", "OUT_PUSH", "", "C", 63, 63, 35.43, 270],
		[67, "AND_74hc08_1_10", 1724.8, -2203.5, "T", "DIP", "NOT_OUT_BI", "", "C", 63, 63, 35.43, 270],
		[68, "AND_74hc08_1_10", 1724.8, -2203.5, "B", "DIP", "NOT_OUT_BI", "", "C", 63, 63, 35.43, 270],
		[69, "AND_74hc08_1_11", 1724.8, -2103.5, "T", "DIP", "AND_OUT_POT_BI_31", "", "C", 63, 63, 35.43, 270],
		[70, "AND_74hc08_1_11", 1724.8, -2103.5, "B", "DIP", "AND_OUT_POT_BI_31", "", "C", 63, 63, 35.43, 270],
		[71, "AND_74hc08_1_12", 1724.8, -2003.5, "T", "DIP", "OUT_BI", "", "C", 63, 63, 35.43, 270],
		[72, "AND_74hc08_1_12", 1724.8, -2003.5, "B", "DIP", "OUT_BI", "", "C", 63, 63, 35.43, 270],
		[73, "AND_74hc08_1_13", 1724.8, -1903.5, "T", "DIP", "OUT_POT", "", "C", 63, 63, 35.43, 270],
		[74, "AND_74hc08_1_13", 1724.8, -1903.5, "B", "DIP", "OUT_POT", "", "C", 63, 63, 35.43, 270],
		[75, "AND_74hc08_1_14", 1724.8, -1803.5, "T", "DIP", "5V", "", "C", 63, 63, 35.43, 270],
		[76, "AND_74hc08_1_14", 1724.8, -1803.5, "B", "DIP", "5V", "", "C", 63, 63, 35.43, 270],
		[77, "C1SmoothingCapacitor2_1", 3700, -5340, "T", "DIP", "DIS_THR_PUSH", "", "C", 64.96, 64.96, 43.31, 0],
		[78, "C1SmoothingCapacitor2_1", 3700, -5340, "B", "DIP", "DIS_THR_PUSH", "", "C", 64.96, 64.96, 43.31, 0],
		[79, "C1SmoothingCapacitor2_2", 3800, -5340, "T", "DIP", "GROUND", "", "C", 64.96, 64.96, 43.31, 0],
		[80, "C1SmoothingCapacitor2_2", 3800, -5340, "B", "DIP", "GROUND", "", "C", 64.96, 64.96, 43.31, 0],
		[81, "C2_1", 1730.63, -5330, "T", "DIP", "TRIG_2_THR", "", "C", 51.18, 51.18, 31.5, 0],
		[82, "C2_1", 1730.63, -5330, "B", "DIP", "TRIG_2_THR", "", "C", 51.18, 51.18, 31.5, 0],
		[83, "C2_2", 1809.37, -5330, "T", "DIP", "GROUND", "", "C", 51.18, 51.18, 31.5, 0],
		[84, "C2_2", 1809.37, -5330, "B", "DIP", "GROUND", "", "C", 51.18, 51.18, 31.5, 0],
		[85, "KEY1_1", 5711.06, -5063.42, "T", "DIP", "TRIG_PUSH", "", "C", 78.74, 78.74, 51.18, 0],
		[86, "KEY1_1", 5711.06, -5063.42, "B", "DIP", "TRIG_PUSH", "", "C", 78.74, 78.74, 51.18, 0],
		[87, "KEY1_2", 5218.94, -5063.42, "T", "DIP", "TRIG_PUSH", "", "C", 78.74, 78.74, 51.18, 0],
		[88, "KEY1_2", 5218.94, -5063.42, "B", "DIP", "TRIG_PUSH", "", "C", 78.74, 78.74, 51.18, 0],
		[89, "KEY1_3", 5711.06, -4866.58, "T", "DIP", "GROUND", "", "C", 78.74, 78.74, 51.18, 0],
		[90, "KEY1_3", 5711.06, -4866.58, "B", "DIP", "GROUND", "", "C", 78.74, 78.74, 51.18, 0],
		[91, "KEY1_4", 5218.94, -4866.58, "T", "DIP", "GROUND", "", "C", 78.74, 78.74, 51.18, 0],
		[92, "KEY1_4", 5218.94, -4866.58, "B", "DIP", "GROUND", "", "C", 78.74, 78.74, 51.18, 0],
		[93, "LED1_1", 3099.61, -390, "T", "DIP", "CLK", "", "C", 60, 60, 35.43, 0],
		[94, "LED1_1", 3099.61, -390, "B", "DIP", "CLK", "", "C", 60, 60, 35.43, 0],
		[95, "LED1_2", 3199.61, -390, "T", "DIP", "LED1SH", "", "C", 60, 60, 35.43, 0],
		[96, "LED1_2", 3199.61, -390, "B", "DIP", "LED1SH", "", "C", 60, 60, 35.43, 0],
		[97, "NOT_74hc04_1_1", 2999.61, -1194.61, "T", "DIP", "NOT_74hc04_1_1", "", "R", 63, 63, 35.43, 270],
		[98, "NOT_74hc04_1_1", 2999.61, -1194.61, "B", "DIP", "NOT_74hc04_1_1", "", "R", 63, 63, 35.43, 270],
		[99, "NOT_74hc04_1_2", 2999.61, -1294.61, "T", "DIP", "NOT_74hc04_1_2", "", "C", 63, 63, 35.43, 270],
		[100, "NOT_74hc04_1_2", 2999.61, -1294.61, "B", "DIP", "NOT_74hc04_1_2", "", "C", 63, 63, 35.43, 270],
		[101, "NOT_74hc04_1_3", 2999.61, -1394.61, "T", "DIP", "NOT_74hc04_1_3", "", "C", 63, 63, 35.43, 270],
		[102, "NOT_74hc04_1_3", 2999.61, -1394.61, "B", "DIP", "NOT_74hc04_1_3", "", "C", 63, 63, 35.43, 270],
		[103, "NOT_74hc04_1_4", 2999.61, -1494.61, "T", "DIP", "NOT_74hc04_1_4", "", "C", 63, 63, 35.43, 270],
		[104, "NOT_74hc04_1_4", 2999.61, -1494.61, "B", "DIP", "NOT_74hc04_1_4", "", "C", 63, 63, 35.43, 270],
		[105, "NOT_74hc04_1_5", 2999.61, -1594.61, "T", "DIP", "NOT_74hc04_1_5", "", "C", 63, 63, 35.43, 270],
		[106, "NOT_74hc04_1_5", 2999.61, -1594.61, "B", "DIP", "NOT_74hc04_1_5", "", "C", 63, 63, 35.43, 270],
		[107, "NOT_74hc04_1_6", 2999.61, -1694.61, "T", "DIP", "NOT_74hc04_1_6", "", "C", 63, 63, 35.43, 270],
		[108, "NOT_74hc04_1_6", 2999.61, -1694.61, "B", "DIP", "NOT_74hc04_1_6", "", "C", 63, 63, 35.43, 270],
		[109, "NOT_74hc04_1_7", 2999.61, -1794.61, "T", "DIP", "GROUND", "", "C", 63, 63, 35.43, 270],
		[110, "NOT_74hc04_1_7", 2999.61, -1794.61, "B", "DIP", "GROUND", "", "C", 63, 63, 35.43, 270],
		[111, "NOT_74hc04_1_8", 3299.61, -1794.61, "T", "DIP", "NOT_CLK", "", "C", 63, 63, 35.43, 270],
		[112, "NOT_74hc04_1_8", 3299.61, -1794.61, "B", "DIP", "NOT_CLK", "", "C", 63, 63, 35.43, 270],
		[113, "NOT_74hc04_1_9", 3299.61, -1694.61, "T", "DIP", "CLK", "", "C", 63, 63, 35.43, 270],
		[114, "NOT_74hc04_1_9", 3299.61, -1694.61, "B", "DIP", "CLK", "", "C", 63, 63, 35.43, 270],
		[115, "NOT_74hc04_1_10", 3299.61, -1594.61, "T", "DIP", "NOT_HLT_810", "", "C", 63, 63, 35.43, 270],
		[116, "NOT_74hc04_1_10", 3299.61, -1594.61, "B", "DIP", "NOT_HLT_810", "", "C", 63, 63, 35.43, 270],
		[117, "NOT_74hc04_1_11", 3299.61, -1494.61, "T", "DIP", "HLT", "", "C", 63, 63, 35.43, 270],
		[118, "NOT_74hc04_1_11", 3299.61, -1494.61, "B", "DIP", "HLT", "", "C", 63, 63, 35.43, 270],
		[119, "NOT_74hc04_1_12", 3299.61, -1394.61, "T", "DIP", "NOT_OUT_BI", "", "C", 63, 63, 35.43, 270],
		[120, "NOT_74hc04_1_12", 3299.61, -1394.61, "B", "DIP", "NOT_OUT_BI", "", "C", 63, 63, 35.43, 270],
		[121, "NOT_74hc04_1_13", 3299.61, -1294.61, "T", "DIP", "OUT_BI", "", "C", 63, 63, 35.43, 270],
		[122, "NOT_74hc04_1_13", 3299.61, -1294.61, "B", "DIP", "OUT_BI", "", "C", 63, 63, 35.43, 270],
		[123, "NOT_74hc04_1_14", 3299.61, -1194.61, "T", "DIP", "5V", "", "C", 63, 63, 35.43, 270],
		[124, "NOT_74hc04_1_14", 3299.61, -1194.61, "B", "DIP", "5V", "", "C", 63, 63, 35.43, 270],
		[125, "OR_74hc32_1_1", 4574.41, -1803.5, "T", "DIP", "OR_74hc32_1_1", "", "R", 63, 63, 35.43, 270],
		[126, "OR_74hc32_1_1", 4574.41, -1803.5, "B", "DIP", "OR_74hc32_1_1", "", "R", 63, 63, 35.43, 270],
		[127, "OR_74hc32_1_2", 4574.41, -1903.5, "T", "DIP", "OR_74hc32_1_2", "", "C", 63, 63, 35.43, 270],
		[128, "OR_74hc32_1_2", 4574.41, -1903.5, "B", "DIP", "OR_74hc32_1_2", "", "C", 63, 63, 35.43, 270],
		[129, "OR_74hc32_1_3", 4574.41, -2003.5, "T", "DIP", "OR_74hc32_1_3", "", "C", 63, 63, 35.43, 270],
		[130, "OR_74hc32_1_3", 4574.41, -2003.5, "B", "DIP", "OR_74hc32_1_3", "", "C", 63, 63, 35.43, 270],
		[131, "OR_74hc32_1_4", 4574.41, -2103.5, "T", "DIP", "OR_74hc32_1_4", "", "C", 63, 63, 35.43, 270],
		[132, "OR_74hc32_1_4", 4574.41, -2103.5, "B", "DIP", "OR_74hc32_1_4", "", "C", 63, 63, 35.43, 270],
		[133, "OR_74hc32_1_5", 4574.41, -2203.5, "T", "DIP", "OR_74hc32_1_5", "", "C", 63, 63, 35.43, 270],
		[134, "OR_74hc32_1_5", 4574.41, -2203.5, "B", "DIP", "OR_74hc32_1_5", "", "C", 63, 63, 35.43, 270],
		[135, "OR_74hc32_1_6", 4574.41, -2303.5, "T", "DIP", "OR_74hc32_1_6", "", "C", 63, 63, 35.43, 270],
		[136, "OR_74hc32_1_6", 4574.41, -2303.5, "B", "DIP", "OR_74hc32_1_6", "", "C", 63, 63, 35.43, 270],
		[137, "OR_74hc32_1_7", 4574.41, -2403.5, "T", "DIP", "GROUND", "", "C", 63, 63, 35.43, 270],
		[138, "OR_74hc32_1_7", 4574.41, -2403.5, "B", "DIP", "GROUND", "", "C", 63, 63, 35.43, 270],
		[139, "OR_74hc32_1_8", 4874.41, -2403.5, "T", "DIP", "OR_74hc32_1_8", "", "C", 63, 63, 35.43, 270],
		[140, "OR_74hc32_1_8", 4874.41, -2403.5, "B", "DIP", "OR_74hc32_1_8", "", "C", 63, 63, 35.43, 270],
		[141, "OR_74hc32_1_9", 4874.41, -2303.5, "T", "DIP", "OR_74hc32_1_9", "", "C", 63, 63, 35.43, 270],
		[142, "OR_74hc32_1_9", 4874.41, -2303.5, "B", "DIP", "OR_74hc32_1_9", "", "C", 63, 63, 35.43, 270],
		[143, "OR_74hc32_1_10", 4874.41, -2203.5, "T", "DIP", "OR_74hc32_1_10", "", "C", 63, 63, 35.43, 270],
		[144, "OR_74hc32_1_10", 4874.41, -2203.5, "B", "DIP", "OR_74hc32_1_10", "", "C", 63, 63, 35.43, 270],
		[145, "OR_74hc32_1_11", 4874.41, -2103.5, "T", "DIP", "OR_OUT_39", "", "C", 63, 63, 35.43, 270],
		[146, "OR_74hc32_1_11", 4874.41, -2103.5, "B", "DIP", "OR_OUT_39", "", "C", 63, 63, 35.43, 270],
		[147, "OR_74hc32_1_12", 4874.41, -2003.5, "T", "DIP", "AND_OUT_NOTBI_PUSH_62", "", "C", 63, 63, 35.43, 270],
		[148, "OR_74hc32_1_12", 4874.41, -2003.5, "B", "DIP", "AND_OUT_NOTBI_PUSH_62", "", "C", 63, 63, 35.43, 270],
		[149, "OR_74hc32_1_13", 4874.41, -1903.5, "T", "DIP", "AND_OUT_POT_BI_31", "", "C", 63, 63, 35.43, 270],
		[150, "OR_74hc32_1_13", 4874.41, -1903.5, "B", "DIP", "AND_OUT_POT_BI_31", "", "C", 63, 63, 35.43, 270],
		[151, "OR_74hc32_1_14", 4874.41, -1803.5, "T", "DIP", "5V", "", "C", 63, 63, 35.43, 270],
		[152, "OR_74hc32_1_14", 4874.41, -1803.5, "B", "DIP", "5V", "", "C", 63, 63, 35.43, 270],
		[153, "OUT_1MHZ_1", 4374.41, -590.55, "T", "DIP", "OUT_1MHZ", "", "R", 70.87, 70.87, 47.24, 0],
		[154, "OUT_1MHZ_1", 4374.41, -590.55, "B", "DIP", "OUT_1MHZ", "", "R", 70.87, 70.87, 47.24, 0],
		[155, "OUT_1MHZ_2", 4474.41, -590.55, "T", "DIP", "OUT_1MHZ", "", "C", 70.87, 70.87, 47.24, 0],
		[156, "OUT_1MHZ_2", 4474.41, -590.55, "B", "DIP", "OUT_1MHZ", "", "C", 70.87, 70.87, 47.24, 0],
		[157, "OUT_1MHZ_3", 4574.41, -590.55, "T", "DIP", "OUT_1MHZ", "", "C", 70.87, 70.87, 47.24, 0],
		[158, "OUT_1MHZ_3", 4574.41, -590.55, "B", "DIP", "OUT_1MHZ", "", "C", 70.87, 70.87, 47.24, 0],
		[159, "OUT_1MHZ_4", 4674.41, -590.55, "T", "DIP", "OUT_1MHZ", "", "C", 70.87, 70.87, 47.24, 0],
		[160, "OUT_1MHZ_4", 4674.41, -590.55, "B", "DIP", "OUT_1MHZ", "", "C", 70.87, 70.87, 47.24, 0],
		[161, "OUT_1MHZ_5", 4774.41, -590.55, "T", "DIP", "OUT_1MHZ", "", "C", 70.87, 70.87, 47.24, 0],
		[162, "OUT_1MHZ_5", 4774.41, -590.55, "B", "DIP", "OUT_1MHZ", "", "C", 70.87, 70.87, 47.24, 0],
		[163, "OUT_1MHZ_6", 4874.41, -590.55, "T", "DIP", "OUT_1MHZ", "", "C", 70.87, 70.87, 47.24, 0],
		[164, "OUT_1MHZ_6", 4874.41, -590.55, "B", "DIP", "OUT_1MHZ", "", "C", 70.87, 70.87, 47.24, 0],
		[165, "OUT_1MHZ_7", 4974.41, -590.55, "T", "DIP", "OUT_1MHZ", "", "C", 70.87, 70.87, 47.24, 0],
		[166, "OUT_1MHZ_7", 4974.41, -590.55, "B", "DIP", "OUT_1MHZ", "", "C", 70.87, 70.87, 47.24, 0],
		[167, "OUT_1MHZ_8", 5074.41, -590.55, "T", "DIP", "OUT_1MHZ", "", "C", 70.87, 70.87, 47.24, 0],
		[168, "OUT_1MHZ_8", 5074.41, -590.55, "B", "DIP", "OUT_1MHZ", "", "C", 70.87, 70.87, 47.24, 0],
		[169, "Out_555_1", 1224.8, -590.55, "T", "DIP", "GROUND", "", "R", 70.87, 70.87, 47.24, 0],
		[170, "Out_555_1", 1224.8, -590.55, "B", "DIP", "GROUND", "", "R", 70.87, 70.87, 47.24, 0],
		[171, "Out_555_2", 1324.8, -590.55, "T", "DIP", "HLT", "", "C", 70.87, 70.87, 47.24, 0],
		[172, "Out_555_2", 1324.8, -590.55, "B", "DIP", "HLT", "", "C", 70.87, 70.87, 47.24, 0],
		[173, "Out_555_3", 1424.8, -590.55, "T", "DIP", "CLK", "", "C", 70.87, 70.87, 47.24, 0],
		[174, "Out_555_3", 1424.8, -590.55, "B", "DIP", "CLK", "", "C", 70.87, 70.87, 47.24, 0],
		[175, "Out_555_4", 1524.8, -590.55, "T", "DIP", "CLK", "", "C", 70.87, 70.87, 47.24, 0],
		[176, "Out_555_4", 1524.8, -590.55, "B", "DIP", "CLK", "", "C", 70.87, 70.87, 47.24, 0],
		[177, "Out_555_5", 1624.8, -590.55, "T", "DIP", "CLK", "", "C", 70.87, 70.87, 47.24, 0],
		[178, "Out_555_5", 1624.8, -590.55, "B", "DIP", "CLK", "", "C", 70.87, 70.87, 47.24, 0],
		[179, "Out_555_6", 1724.8, -590.55, "T", "DIP", "NOT_CLK", "", "C", 70.87, 70.87, 47.24, 0],
		[180, "Out_555_6", 1724.8, -590.55, "B", "DIP", "NOT_CLK", "", "C", 70.87, 70.87, 47.24, 0],
		[181, "Out_555_7", 1824.8, -590.55, "T", "DIP", "NOT_CLK", "", "C", 70.87, 70.87, 47.24, 0],
		[182, "Out_555_7", 1824.8, -590.55, "B", "DIP", "NOT_CLK", "", "C", 70.87, 70.87, 47.24, 0],
		[183, "Out_555_8", 1924.8, -590.55, "T", "DIP", "NOT_CLK", "", "C", 70.87, 70.87, 47.24, 0],
		[184, "Out_555_8", 1924.8, -590.55, "B", "DIP", "NOT_CLK", "", "C", 70.87, 70.87, 47.24, 0],
		[185, "power-1_1", 540.55, -393.7, "T", "DIP", "5V", "", "R", 66.93, 66.93, 39.37, 0],
		[186, "power-1_1", 540.55, -393.7, "B", "DIP", "5V", "", "R", 66.93, 66.93, 39.37, 0],
		[187, "power-1_2", 640.55, -393.7, "T", "DIP", "GROUND", "", "C", 66.93, 66.93, 39.37, 0],
		[188, "power-1_2", 640.55, -393.7, "B", "DIP", "GROUND", "", "C", 66.93, 66.93, 39.37, 0],
		[189, "power-2_1", 5658.66, -393.7, "T", "DIP", "5V", "", "R", 66.93, 66.93, 39.37, 0],
		[190, "power-2_1", 5658.66, -393.7, "B", "DIP", "5V", "", "R", 66.93, 66.93, 39.37, 0],
		[191, "power-2_2", 5758.66, -393.7, "T", "DIP", "GROUND", "", "C", 66.93, 66.93, 39.37, 0],
		[192, "power-2_2", 5758.66, -393.7, "B", "DIP", "GROUND", "", "C", 66.93, 66.93, 39.37, 0],
		[193, "power-3_1", 540.55, -5905.51, "T", "DIP", "5V", "", "R", 66.93, 66.93, 39.37, 0],
		[194, "power-3_1", 540.55, -5905.51, "B", "DIP", "5V", "", "R", 66.93, 66.93, 39.37, 0],
		[195, "power-3_2", 640.55, -5905.51, "T", "DIP", "GROUND", "", "C", 66.93, 66.93, 39.37, 0],
		[196, "power-3_2", 640.55, -5905.51, "B", "DIP", "GROUND", "", "C", 66.93, 66.93, 39.37, 0],
		[197, "power-4_1", 5658.66, -5905.51, "T", "DIP", "5V", "", "R", 66.93, 66.93, 39.37, 0],
		[198, "power-4_1", 5658.66, -5905.51, "B", "DIP", "5V", "", "R", 66.93, 66.93, 39.37, 0],
		[199, "power-4_2", 5758.66, -5905.51, "T", "DIP", "GROUND", "", "C", 66.93, 66.93, 39.37, 0],
		[200, "power-4_2", 5758.66, -5905.51, "B", "DIP", "GROUND", "", "C", 66.93, 66.93, 39.37, 0],
		[201, "R1_1", 2245.23, -5531.26, "T", "DIP", "DIS_POT", "", "C", 55.12, 55.12, 31.5, 0],
		[202, "R1_1", 2245.23, -5531.26, "B", "DIP", "DIS_POT", "", "C", 55.12, 55.12, 31.5, 0],
		[203, "R1_2", 2646.81, -5531.26, "T", "DIP", "5V", "", "C", 55.12, 55.12, 31.5, 0],
		[204, "R1_2", 2646.81, -5531.26, "B", "DIP", "5V", "", "C", 55.12, 55.12, 31.5, 0],
		[205, "R2_1", 2948.82, -665, "T", "DIP", "GROUND", "", "C", 55.12, 55.12, 31.5, 0],
		[206, "R2_1", 2948.82, -665, "B", "DIP", "GROUND", "", "C", 55.12, 55.12, 31.5, 0],
		[207, "R2_2", 3350.4, -665, "T", "DIP", "LED1SH", "", "C", 55.12, 55.12, 31.5, 0],
		[208, "R2_2", 3350.4, -665, "B", "DIP", "LED1SH", "", "C", 55.12, 55.12, 31.5, 0],
		[209, "R3_1", 1215, -4940, "T", "DIP", "R3_1", "", "C", 60, 60, 30, 270],
		[210, "R3_1", 1215, -4940, "B", "DIP", "R3_1", "", "C", 60, 60, 30, 270],
		[211, "R3_2", 1215, -5040, "T", "DIP", "POTUP", "", "C", 60, 60, 30, 270],
		[212, "R3_2", 1215, -5040, "B", "DIP", "POTUP", "", "C", 60, 60, 30, 270],
		[213, "R3_3", 1215, -5140, "T", "DIP", "TRIG_2_THR", "", "C", 60, 60, 30, 270],
		[214, "R3_3", 1215, -5140, "B", "DIP", "TRIG_2_THR", "", "C", 60, 60, 30, 270],
		[215, "R4_1", 2135, -5531.26, "T", "DIP", "DIS_POT", "", "C", 55.12, 55.12, 31.5, 180],
		[216, "R4_1", 2135, -5531.26, "B", "DIP", "DIS_POT", "", "C", 55.12, 55.12, 31.5, 180],
		[217, "R4_2", 1733.42, -5531.26, "T", "DIP", "POTUP", "", "C", 55.12, 55.12, 31.5, 180],
		[218, "R4_2", 1733.42, -5531.26, "B", "DIP", "POTUP", "", "C", 55.12, 55.12, 31.5, 180],
		[219, "R5_1", 4154.21, -5540, "T", "DIP", "TRIG_PUSH", "", "C", 55.12, 55.12, 31.5, 0],
		[220, "R5_1", 4154.21, -5540, "B", "DIP", "TRIG_PUSH", "", "C", 55.12, 55.12, 31.5, 0],
		[221, "R5_2", 4555.79, -5540, "T", "DIP", "5V", "", "C", 55.12, 55.12, 31.5, 0],
		[222, "R5_2", 4555.79, -5540, "B", "DIP", "5V", "", "C", 55.12, 55.12, 31.5, 0],
		[223, "R9_1", 4050.79, -5540, "T", "DIP", "5V", "", "C", 55.12, 55.12, 31.5, 180],
		[224, "R9_1", 4050.79, -5540, "B", "DIP", "5V", "", "C", 55.12, 55.12, 31.5, 180],
		[225, "R9_2", 3649.21, -5540, "T", "DIP", "DIS_THR_PUSH", "", "C", 55.12, 55.12, 31.5, 180],
		[226, "R9_2", 3649.21, -5540, "B", "DIP", "DIS_THR_PUSH", "", "C", 55.12, 55.12, 31.5, 180],
		[227, "R10_1", 2954.21, -3480, "T", "DIP", "RESET_BI", "", "C", 55.12, 55.12, 31.5, 0],
		[228, "R10_1", 2954.21, -3480, "B", "DIP", "RESET_BI", "", "C", 55.12, 55.12, 31.5, 0],
		[229, "R10_2", 3355.79, -3480, "T", "DIP", "5V", "", "C", 55.12, 55.12, 31.5, 0],
		[230, "R10_2", 3355.79, -3480, "B", "DIP", "5V", "", "C", 55.12, 55.12, 31.5, 0],
		[231, "R12_1", 2434.21, -3480, "T", "DIP", "TRIG_BI", "", "C", 55.12, 55.12, 31.5, 0],
		[232, "R12_1", 2434.21, -3480, "B", "DIP", "TRIG_BI", "", "C", 55.12, 55.12, 31.5, 0],
		[233, "R12_2", 2835.79, -3480, "T", "DIP", "5V", "", "C", 55.12, 55.12, 31.5, 0],
		[234, "R12_2", 2835.79, -3480, "B", "DIP", "5V", "", "C", 55.12, 55.12, 31.5, 0],
		[235, "SCREW1_1", 6099.86, -6099.86, "T", "DIP", "SCREW1_1", "", "C", 126, 126, 126, 0],
		[236, "SCREW1_1", 6099.86, -6099.86, "B", "DIP", "SCREW1_1", "", "C", 126, 126, 126, 0],
		[237, "SCREW3_1", 194.35, -6099.86, "T", "DIP", "SCREW3_1", "", "C", 126, 126, 126, 0],
		[238, "SCREW3_1", 194.35, -6099.86, "B", "DIP", "SCREW3_1", "", "C", 126, 126, 126, 0],
		[239, "SCREW4_1", 6099.86, -3147.11, "T", "DIP", "SCREW4_1", "", "C", 126, 126, 126, 0],
		[240, "SCREW4_1", 6099.86, -3147.11, "B", "DIP", "SCREW4_1", "", "C", 126, 126, 126, 0],
		[241, "SCREW5_1", 6099.86, -194.35, "T", "DIP", "SCREW5_1", "", "C", 126, 126, 126, 0],
		[242, "SCREW5_1", 6099.86, -194.35, "B", "DIP", "SCREW5_1", "", "C", 126, 126, 126, 0],
		[243, "SCREW6_1", 194.35, -194.35, "T", "DIP", "SCREW6_1", "", "C", 126, 126, 126, 0],
		[244, "SCREW6_1", 194.35, -194.35, "B", "DIP", "SCREW6_1", "", "C", 126, 126, 126, 0],
		[245, "SCREW7_1", 194.35, -3147.11, "T", "DIP", "SCREW7_1", "", "C", 126, 126, 126, 0],
		[246, "SCREW7_1", 194.35, -3147.11, "B", "DIP", "SCREW7_1", "", "C", 126, 126, 126, 0],
		[247, "SW1_1", 3248.02, -4331.26, "T", "DIP", "TRIG_BI", "", "R", 62.99, 62.99, 39.37, 90],
		[248, "SW1_1", 3248.02, -4331.26, "B", "DIP", "TRIG_BI", "", "R", 62.99, 62.99, 39.37, 90],
		[249, "SW1_2", 3248.03, -4410, "T", "DIP", "GROUND", "", "C", 62.99, 62.99, 39.37, 90],
		[250, "SW1_2", 3248.03, -4410, "B", "DIP", "GROUND", "", "C", 62.99, 62.99, 39.37, 90],
		[251, "SW1_3", 3248.03, -4488.74, "T", "DIP", "RESET_BI", "", "C", 62.99, 62.99, 39.37, 90],
		[252, "SW1_3", 3248.03, -4488.74, "B", "DIP", "RESET_BI", "", "C", 62.99, 62.99, 39.37, 90],
		[253, "SW1_4", 3051.18, -4331.26, "T", "DIP", "TRIG_BI", "", "C", 62.99, 62.99, 39.37, 90],
		[254, "SW1_4", 3051.18, -4331.26, "B", "DIP", "TRIG_BI", "", "C", 62.99, 62.99, 39.37, 90],
		[255, "SW1_5", 3051.18, -4410, "T", "DIP", "GROUND", "", "C", 62.99, 62.99, 39.37, 90],
		[256, "SW1_5", 3051.18, -4410, "B", "DIP", "GROUND", "", "C", 62.99, 62.99, 39.37, 90],
		[257, "SW1_6", 3051.18, -4488.74, "T", "DIP", "RESET_BI", "", "C", 62.99, 62.99, 39.37, 90],
		[258, "SW1_6", 3051.18, -4488.74, "B", "DIP", "RESET_BI", "", "C", 62.99, 62.99, 39.37, 90],
		[259, "SW2_1", 5333.41, -3301.06, "T", "DIP", "5V", "", "R", 62.99, 62.99, 39.37, 90],
		[260, "SW2_1", 5333.41, -3301.06, "B", "DIP", "5V", "", "R", 62.99, 62.99, 39.37, 90],
		[261, "SW2_2", 5333.42, -3379.8, "T", "DIP", "POWER_CRYSTAL_5V", "", "C", 62.99, 62.99, 39.37, 90],
		[262, "SW2_2", 5333.42, -3379.8, "B", "DIP", "POWER_CRYSTAL_5V", "", "C", 62.99, 62.99, 39.37, 90],
		[263, "SW2_3", 5333.42, -3458.54, "T", "DIP", "GROUND", "", "C", 62.99, 62.99, 39.37, 90],
		[264, "SW2_3", 5333.42, -3458.54, "B", "DIP", "GROUND", "", "C", 62.99, 62.99, 39.37, 90],
		[265, "SW2_4", 5136.58, -3301.06, "T", "DIP", "5V", "", "C", 62.99, 62.99, 39.37, 90],
		[266, "SW2_4", 5136.58, -3301.06, "B", "DIP", "5V", "", "C", 62.99, 62.99, 39.37, 90],
		[267, "SW2_5", 5136.58, -3379.8, "T", "DIP", "POWER_CRYSTAL_5V", "", "C", 62.99, 62.99, 39.37, 90],
		[268, "SW2_5", 5136.58, -3379.8, "B", "DIP", "POWER_CRYSTAL_5V", "", "C", 62.99, 62.99, 39.37, 90],
		[269, "SW2_6", 5136.58, -3458.54, "T", "DIP", "GROUND", "", "C", 62.99, 62.99, 39.37, 90],
		[270, "SW2_6", 5136.58, -3458.54, "B", "DIP", "GROUND", "", "C", 62.99, 62.99, 39.37, 90],
		[271, "U4_1", 2503.5, -5334.41, "T", "DIP", "CTRL_555_1", "", "C", 70.87, 70.87, 47.24, 0],
		[272, "U4_1", 2503.5, -5334.41, "B", "DIP", "CTRL_555_1", "", "C", 70.87, 70.87, 47.24, 0],
		[273, "U4_2", 2703.5, -5334.41, "T", "DIP", "GROUND", "", "C", 70.87, 70.87, 47.24, 0],
		[274, "U4_2", 2703.5, -5334.41, "B", "DIP", "GROUND", "", "C", 70.87, 70.87, 47.24, 0],
		[275, "U5_1", 4305, -5330, "T", "DIP", "CTRL_PUSH", "", "C", 70.87, 70.87, 47.24, 0],
		[276, "U5_1", 4305, -5330, "B", "DIP", "CTRL_PUSH", "", "C", 70.87, 70.87, 47.24, 0],
		[277, "U5_2", 4505, -5330, "T", "DIP", "GROUND", "", "C", 70.87, 70.87, 47.24, 0],
		[278, "U5_2", 4505, -5330, "B", "DIP", "GROUND", "", "C", 70.87, 70.87, 47.24, 0],
		[279, "U6_1", 3540, -3480, "T", "DIP", "CTRL_BI", "", "C", 70.87, 70.87, 47.24, 0],
		[280, "U6_1", 3540, -3480, "B", "DIP", "CTRL_BI", "", "C", 70.87, 70.87, 47.24, 0],
		[281, "U6_2", 3740, -3480, "T", "DIP", "GROUND", "", "C", 70.87, 70.87, 47.24, 0],
		[282, "U6_2", 3740, -3480, "B", "DIP", "GROUND", "", "C", 70.87, 70.87, 47.24, 0],
		[283, "X1_1", 4605, -3462.48, "T", "SMD", "5V", "", "R", 70.87, 78.74, 0, 0],
		[284, "X1_2", 4805, -3462.48, "T", "SMD", "GROUND", "", "R", 70.87, 78.74, 0, 0],
		[285, "X1_3", 4805, -3297.13, "T", "SMD", "OUT_1MHZ", "", "R", 70.87, 78.74, 0, 0],
		[286, "X1_4", 4605, -3297.13, "T", "SMD", "POWER_CRYSTAL_5V", "", "R", 70.87, 78.74, 0, 0]
	]
}
}