{
"lengthUnit": "mil",
"components": {
	"fields": ["COMPONENT_NO", "COMPONENT_NAME", "LAYER", "X_COORDINATE", "Y_COORDINATE", "ANGLE"],
	"rows": [
		[1, "H1", "T", 3149.61, -3070.87, 180],
		[2, "H3", "T", 4527.56, -3070.87, 180],
		[3, "H6", "T", 5708.66, -2874.02, 180],
		[4, "H12", "T", 3425.2, -393.7, 180],
		[5, "H13", "T", 1771.65, -3070.87, 180],
		[6, "H14", "T", 590.55, -2874.02, 180],
		[7, "H15", "T", 3937.01, -1377.95, 90],
		[8, "H16", "T", 3228.35, -2283.46, 180],
		[9, "H18", "T", 2322.83, -2283.46, 180],
		[10, "SCREW8", "T", 196.85, -196.85, 0],
		[11, "SCREW9", "T", 6102.36, -196.85, 0]
	]
},
"pins": {
	"fields": ["PIN_NO", "PIN_NAME", "PIN_X", "PIN_Y", "LAYER", "PIN_TYPE", "NET_NAME", "NET_TYPE", "PAD_SHAPE", "PAD_SIZEX", "PAD_SIZEY", "HOLE_SIZE", "PAD_ANGLE"],
	"rows": [
		[1, "H1_1", 3499.61, -3070.87, "T", "DIP", "D0", "", "R", 59.05, 59.05, 39.37, 180],
		[2, "H1_1", 3499.61, -3070.87, "B", "DIP", "D0", "", "R", 59.05, 59.05, 39.37, 180],
		[3, "H1_2", 3399.61, -3070.87, "T", "DIP", "D1", "", "C", 59.05, 59.05, 39.37, 180],
		[4, "H1_2", 3399.61, -3070.87, "B", "DIP", "D1", "", "C", 59.05, 59.05, 39.37, 180],
		[5, "H1_3", 3299.61, -3070.87, "T", "DIP", "D2", "", "C", 59.05, 59.05, 39.37, 180],
		[6, "H1_3", 3299.61, -3070.87, "B", "DIP", "D2", "", "C", 59.05, 59.05, 39.37, 180],
		[7, "H1_4", 3199.61, -3070.87, "T", "DIP", "D3", "", "C", 59.05, 59.05, 39.37, 180],
		[8, "H1_4", 3199.61, -3070.87, "B", "DIP", "D3", "", "C", 59.05, 59.05, 39.37, 180],
		[9, "H1_5", 3099.61, -3070.87, "T", "DIP", "D4", "", "C", 59.05, 59.05, 39.37, 180],
		[10, "H1_5", 3099.61, -3070.87, "B", "DIP", "D4", "", "C", 59.05, 59.05, 39.37, 180],
		[11, "H1_6", 2999.61, -3070.87, "T", "DIP", "D5", "", "C", 59.05, 59.05, 39.37, 180],
		[12, "H1_6", 2999.61, -3070.87, "B", "DIP", "D5", "", "C", 59.05, 59.05, 39.37, 180],
		[13, "H1_7", 2899.61, -3070.87, "T", "DIP", "D6", "", "C", 59.05, 59.05, 39.37, 180],
		[14, "H1_7", 2899.61, -3070.87, "B", "DIP", "D6", "", "C", 59.05, 59.05, 39.37, 180],
		[15, "H1_8", 2799.61, -3070.87, "T", "DIP", "D7", "", "C", 59.05, 59.05, 39.37, 180],
		[16, "H1_8", 2799.61, -3070.87, "B", "DIP", "D7", "", "C", 59.05, 59.05, 39.37, 180],
		[17, "H3_1", 5277.56, -3070.87, "T", "DIP", "A0", "", "R", 70.87, 70.87, 43.31, 180],
		[18, "H3_1", 5277.56, -3070.87, "B", "DIP", "A0", "", "R", 70.87, 70.87, 43.31, 180],
		[19, "H3_2", 5177.56, -3070.87, "T", "DIP", "A1", "", "C", 70.87, 70.87, 43.31, 180],
		[20, "H3_2", 5177.56, -3070.87, "B", "DIP", "A1", "", "C", 70.87, 70.87, 43.31, 180],
		[21, "H3_3", 5077.56, -3070.87, "T", "DIP", "A2", "", "C", 70.87, 70.87, 43.31, 180],
		[22, "H3_3", 5077.56, -3070.87, "B", "DIP", "A2", "", "C", 70.87, 70.87, 43.31, 180],
		[23, "H3_4", 4977.56, -3070.87, "T", "DIP", "A3", "", "C", 70.87, 70.87, 43.31, 180],
		[24, "H3_4", 4977.56, -3070.87, "B", "DIP", "A3", "", "C", 70.87, 70.87, 43.31, 180],
		[25, "H3_5", 4877.56, -3070.87, "T", "DIP", "A4", "", "C", 70.87, 70.87, 43.31, 180],
		[26, "H3_5", 4877.56, -3070.87, "B", "DIP", "A4", "", "C", 70.87, 70.87, 43.31, 180],
		[27, "H3_6", 4777.56, -3070.87, "T", "DIP", "A5", "", "C", 70.87, 70.87, 43.31, 180],
		[28, "H3_6", 4777.56, -3070.87, "B", "DIP", "A5", "", "C", 70.87, 70.87, 43.31, 180],
		[29, "H3_7", 4677.56, -3070.87, "T", "DIP", "A6", "", "C", 70.87, 70.87, 43.31, 180],
		[30, "H3_7", 4677.56, -3070.87, "B", "DIP", "A6", "", "C", 70.87, 70.87, 43.31, 180],
		[31, "H3_8", 4577.56, -3070.87, "T", "DIP", "A7", "", "C", 70.87, 70.87, 43.31, 180],
		[32, "H3_8", 4577.56, -3070.87, "B", "DIP", "A7", "", "C", 70.87, 70.87, 43.31, 180],
		[33, "H3_9", 4477.56, -3070.87, "T", "DIP", "A8", "", "C", 70.87, 70.87, 43.31, 180],
		[34, "H3_9", 4477.56, -3070.87, "B", "DIP", "A8", "", "C", 70.87, 70.87, 43.31, 180],
		[35, "H3_10", 4377.56, -3070.87, "T", "DIP", "A9", "", "C", 70.87, 70.87, 43.31, 180],
		[36, "H3_10", 4377.56, -3070.87, "B", "DIP", "A9", "", "C", 70.87, 70.87, 43.31, 180],
		[37, "H3_11", 4277.56, -3070.87, "T", "DIP", "A10", "", "C", 70.87, 70.87, 43.31, 180],
		[38, "H3_11", 4277.56, -3070.87, "B", "DIP", "A10", "", "C", 70.87, 70.87, 43.31, 180],
		[39, "H3_12", 4177.56, -3070.87, "T", "DIP", "A11", "", "C", 70.87, 70.87, 43.31, 180],
		[40, "H3_12", 4177.56, -3070.87, "B", "DIP", "A11", "", "C", 70.87, 70.87, 43.31, 180],
		[41, "H3_13", 4077.56, -3070.87, "T", "DIP", "A12", "", "C", 70.87, 70.87, 43.31, 180],
		[42, "H3_13", 4077.56, -3070.87, "B", "DIP", "A12", "", "C", 70.87, 70.87, 43.31, 180],
		[43, "H3_14", 3977.56, -3070.87, "T", "DIP", "A13", "", "C", 70.87, 70.87, 43.31, 180],
		[44, "H3_14", 3977.56, -3070.87, "B", "DIP", "A13", "", "C", 70.87, 70.87, 43.31, 180],
		[45, "H3_15", 3877.56, -3070.87, "T", "DIP", "A14", "", "C", 70.87, 70.87, 43.31, 180],
		[46, "H3_15", 3877.56, -3070.87, "B", "DIP", "A14", "", "C", 70.87, 70.87, 43.31, 180],
		[47, "H3_16", 3777.56, -3070.87, "T", "DIP", "A15", "", "C", 70.87, 70.87, 43.31, 180],
		[48, "H3_16", 3777.56, -3070.87, "B", "DIP", "A15", "", "C", 70.87, 70.87, 43.31, 180],
		[49, "H6_1", 5758.66, -2874.02, "T", "DIP", "5V", "", "R", 78.74, 78.74, 47.24, 180],
		[50, "H6_1", 5758.66, -2874.02, "B", "DIP", "5V", "", "R", 78.74, 78.74, 47.24, 180],
		[51, "H6_2", 5658.66, -2874.02, "T", "DIP", "GROUND", "", "C", 78.74, 78.74, 47.24, 180],
		[52, "H6_2", 5658.66, -2874.02, "B", "DIP", "GROUND", "", "C", 78.74, 78.74, 47.24, 180],
		[53, "H12_1", 3775.2, -393.7, "T", "DIP", "E8", "", "R", 59.05, 59.05, 39.37, 180],
		[54, "H12_1", 3775.2, -393.7, "B", "DIP", "E8", "", "R", 59.05, 59.05, 39.37, 180],
		[55, "H12_2", 3675.2, -393.7, "T", "DIP", "E9", "", "C", 59.05, 59.05, 39.37, 180],
		[56, "H12_2", 3675.2, -393.7, "B", "DIP", "E9", "", "C", 59.05, 59.05, 39.37, 180],
		[57, "H12_3", 3575.2, -393.7, "T", "DIP", "E10", "", "C", 59.05, 59.05, 39.37, 180],
		[58, "H12_3", 3575.2, -393.7, "B", "DIP", "E10", "", "C", 59.05, 59.05, 39.37, 180],
		[59, "H12_4", 3475.2, -393.7, "T", "DIP", "E11", "", "C", 59.05, 59.05, 39.37, 180],
		[60, "H12_4", 3475.2, -393.7, "B", "DIP", "E11", "", "C", 59.05, 59.05, 39.37, 180],
		[61, "H12_5", 3375.2, -393.7, "T", "DIP", "E12", "", "C", 59.05, 59.05, 39.37, 180],
		[62, "H12_5", 3375.2, -393.7, "B", "DIP", "E12", "", "C", 59.05, 59.05, 39.37, 180],
		[63, "H12_6", 3275.2, -393.7, "T", "DIP", "E13", "", "C", 59.05, 59.05, 39.37, 180],
		[64, "H12_6", 3275.2, -393.7, "B", "DIP", "E13", "", "C", 59.05, 59.05, 39.37, 180],
		[65, "H12_7", 3175.2, -393.7, "T", "DIP", "E14", "", "C", 59.05, 59.05, 39.37, 180],
		[66, "H12_7", 3175.2, -393.7, "B", "DIP", "E14", "", "C", 59.05, 59.05, 39.37, 180],
		[67, "H12_8", 3075.2, -393.7, "T", "DIP", "E15", "", "C", 59.05, 59.05, 39.37, 180],
		[68, "H12_8", 3075.2, -393.7, "B", "DIP", "E15", "", "C", 59.05, 59.05, 39.37, 180],
		[69, "H13_1", 2521.65, -3070.87, "T", "DIP", "RST", "", "R", 70.87, 70.87, 43.31, 180],
		[70, "H13_1", 2521.65, -3070.87, "B", "DIP", "RST", "", "R", 70.87, 70.87, 43.31, 180],
		[71, "H13_2", 2421.65, -3070.87, "T", "DIP", "CLOCK", "", "C", 70.87, 70.87, 43.31, 180],
		[72, "H13_2", 2421.65, -3070.87, "B", "DIP", "CLOCK", "", "C", 70.87, 70.87, 43.31, 180],
		[73, "H13_3", 2321.65, -3070.87, "T", "DIP", "R/W", "", "C", 70.87, 70.87, 43.31, 180],
		[74, "H13_3", 2321.65, -3070.87, "B", "DIP", "R/W", "", "C", 70.87, 70.87, 43.31, 180],
		[75, "H13_4", 2221.65, -3070.87, "T", "DIP", "E3", "", "C", 70.87, 70.87, 43.31, 180],
		[76, "H13_4", 2221.65, -3070.87, "B", "DIP", "E3", "", "C", 70.87, 70.87, 43.31, 180],
		[77, "H13_5", 2121.65, -3070.87, "T", "DIP", "E4", "", "C", 70.87, 70.87, 43.31, 180],
		[78, "H13_5", 2121.65, -3070.87, "B", "DIP", "E4", "", "C", 70.87, 70.87, 43.31, 180],
		[79, "H13_6", 2021.65, -3070.87, "T", "DIP", "E5", "", "C", 70.87, 70.87, 43.31, 180],
		[80, "H13_6", 2021.65, -3070.87, "B", "DIP", "E5", "", "C", 70.87, 70.87, 43.31, 180],
		[81, "H13_7", 1921.65, -3070.87, "T", "DIP", "E6", "", "C", 70.87, 70.87, 43.31, 180],
		[82, "H13_7", 1921.65, -3070.87, "B", "DIP", "E6", "", "C", 70.87, 70.87, 43.31, 180],
		[83, "H13_8", 1821.65, -3070.87, "T", "DIP", "E7", "", "C", 70.87, 70.87, 43.31, 180],
		[84, "H13_8", 1821.65, -3070.87, "B", "DIP", "E7", "", "C", 70.87, 70.87, 43.31, 180],
		[85, "H13_9", 1721.65, -3070.87, "T", "DIP", "E8", "", "C", 70.87, 70.87, 43.31, 180],
		[86, "H13_9", 1721.65, -3070.87, "B", "DIP", "E8", "", "C", 70.87, 70.87, 43.31, 180],
		[87, "H13_10", 1621.65, -3070.87, "T", "DIP", "E9", "", "C", 70.87, 70.87, 43.31, 180],
		[88, "H13_10", 1621.65, -3070.87, "B", "DIP", "E9", "", "C", 70.87, 70.87, 43.31, 180],
		[89, "H13_11", 1521.65, -3070.87, "T", "DIP", "E10", "", "C", 70.87, 70.87, 43.31, 180],
		[90, "H13_11", 1521.65, -3070.87, "B", "DIP", "E10", "", "C", 70.87, 70.87, 43.31, 180],
		[91, "H13_12", 1421.65, -3070.87, "T", "DIP", "E11", "", "C", 70.87, 70.87, 43.31, 180],
		[92, "H13_12", 1421.65, -3070.87, "B", "DIP", "E11", "", "C", 70.87, 70.87, 43.31, 180],
		[93, "H13_13", 1321.65, -3070.87, "T", "DIP", "E12", "", "C", 70.87, 70.87, 43.31, 180],
		[94, "H13_13", 1321.65, -3070.87, "B", "DIP", "E12", "", "C", 70.87, 70.87, 43.31, 180],
		[95, "H13_14", 1221.65, -3070.87, "T", "DIP", "E13", "", "C", 70.87, 70.87, 43.31, 180],
		[96, "H13_14", 1221.65, -3070.87, "B", "DIP", "E13", "", "C", 70.87, 70.87, 43.31, 180],
		[97, "H13_15", 1121.65, -3070.87, "T", "DIP", "E14", "", "C", 70.87, 70.87, 43.31, 180],
		[98, "H13_15", 1121.65, -3070.87, "B", "DIP", "E14", "", "C", 70.87, 70.87, 43.31, 180],
		[99, "H13_16", 1021.65, -3070.87, "T", "DIP", "E15", "", "C", 70.87, 70.87, 43.31, 180],
		[100, "H13_16", 1021.65, -3070.87, "B", "DIP", "E15", "", "C", 70.87, 70.87, 43.31, 180],
		[101, "H14_1", 640.55, -2874.02, "T", "DIP", "5V", "", "R", 78.74, 78.74, 47.24, 180],
		[102, "H14_1", 640.55, -2874.02, "B", "DIP", "5V", "", "R", 78.74, 78.74, 47.24, 180],
		[103, "H14_2", 540.55, -2874.02, "T", "DIP", "GROUND", "", "C", 78.74, 78.74, 47.24, 180],
		[104, "H14_2", 540.55, -2874.02, "B", "DIP", "GROUND", "", "C", 78.74, 78.74, 47.24, 180],
		[105, "H15_1", 3987.01, -2177.94, "T", "DIP", "A15", "", "R", 66.93, 66.93, 43.31, 90],
		[106, "H15_1", 3987.01, -2177.94, "B", "DIP", "A15", "", "R", 66.93, 66.93, 43.31, 90],
		[107, "H15_2", 3887, -2177.95, "T", "DIP", "D0", "", "C", 66.93, 66.93, 43.31, 90],
		[108, "H15_2", 3887, -2177.95, "B", "DIP", "D0", "", "C", 66.93, 66.93, 43.31, 90],
		[109, "H15_3", 3987, -2077.95, "T", "DIP", "A14", "", "C", 66.93, 66.93, 43.31, 90],
		[110, "H15_3", 3987, -2077.95, "B", "DIP", "A14", "", "C", 66.93, 66.93, 43.31, 90],
		[111, "H15_4", 3887, -2077.95, "T", "DIP", "D1", "", "C", 66.93, 66.93, 43.31, 90],
		[112, "H15_4", 3887, -2077.95, "B", "DIP", "D1", "", "C", 66.93, 66.93, 43.31, 90],
		[113, "H15_5", 3987, -1977.95, "T", "DIP", "A13", "", "C", 66.93, 66.93, 43.31, 90],
		[114, "H15_5", 3987, -1977.95, "B", "DIP", "A13", "", "C", 66.93, 66.93, 43.31, 90],
		[115, "H15_6", 3887, -1977.95, "T", "DIP", "D2", "", "C", 66.93, 66.93, 43.31, 90],
		[116, "H15_6", 3887, -1977.95, "B", "DIP", "D2", "", "C", 66.93, 66.93, 43.31, 90],
		[117, "H15_7", 3987, -1877.95, "T", "DIP", "A12", "", "C", 66.93, 66.93, 43.31, 90],
		[118, "H15_7", 3987, -1877.95, "B", "DIP", "A12", "", "C", 66.93, 66.93, 43.31, 90],
		[119, "H15_8", 3887, -1877.95, "T", "DIP", "D3", "", "C", 66.93, 66.93, 43.31, 90],
		[120, "H15_8", 3887, -1877.95, "B", "DIP", "D3", "", "C", 66.93, 66.93, 43.31, 90],
		[121, "H15_9", 3987, -1777.95, "T", "DIP", "A11", "", "C", 66.93, 66.93, 43.31, 90],
		[122, "H15_9", 3987, -1777.95, "B", "DIP", "A11", "", "C", 66.93, 66.93, 43.31, 90],
		[123, "H15_10", 3887, -1777.95, "T", "DIP", "D4", "", "C", 66.93, 66.93, 43.31, 90],
		[124, "H15_10", 3887, -1777.95, "B", "DIP", "D4", "", "C", 66.93, 66.93, 43.31, 90],
		[125, "H15_11", 3987, -1677.95, "T", "DIP", "A10", "", "C", 66.93, 66.93, 43.31, 90],
		[126, "H15_11", 3987, -1677.95, "B", "DIP", "A10", "", "C", 66.93, 66.93, 43.31, 90],
		[127, "H15_12", 3887, -1677.95, "T", "DIP", "D5", "", "C", 66.93, 66.93, 43.31, 90],
		[128, "H15_12", 3887, -1677.95, "B", "DIP", "D5", "", "C", 66.93, 66.93, 43.31, 90],
		[129, "H15_13", 3987, -1577.95, "T", "DIP", "A9", "", "C", 66.93, 66.93, 43.31, 90],
		[130, "H15_13", 3987, -1577.95, "B", "DIP", "A9", "", "C", 66.93, 66.93, 43.31, 90],
		[131, "H15_14", 3887, -1577.95, "T", "DIP", "D6", "", "C", 66.93, 66.93, 43.31, 90],
		[132, "H15_14", 3887, -1577.95, "B", "DIP", "D6", "", "C", 66.93, 66.93, 43.31, 90],
		[133, "H15_15", 3987, -1477.95, "T", "DIP", "A8", "", "C", 66.93, 66.93, 43.31, 90],
		[134, "H15_15", 3987, -1477.95, "B", "DIP", "A8", "", "C", 66.93, 66.93, 43.31, 90],
		[135, "H15_16", 3887, -1477.95, "T", "DIP", "D7", "", "C", 66.93, 66.93, 43.31, 90],
		[136, "H15_16", 3887, -1477.95, "B", "DIP", "D7", "", "C", 66.93, 66.93, 43.31, 90],
		[137, "H15_17", 3987, -1377.95, "T", "DIP", "A7", "", "C", 66.93, 66.93, 43.31, 90],
		[138, "H15_17", 3987, -1377.95, "B", "DIP", "A7", "", "C", 66.93, 66.93, 43.31, 90],
		[139, "H15_18", 3887, -1377.95, "T", "DIP", "RST", "", "C", 66.93, 66.93, 43.31, 90],
		[140, "H15_18", 3887, -1377.95, "B", "DIP", "RST", "", "C", 66.93, 66.93, 43.31, 90],
		[141, "H15_19", 3987, -1277.95, "T", "DIP", "A6", "", "C", 66.93, 66.93, 43.31, 90],
		[142, "H15_19", 3987, -1277.95, "B", "DIP", "A6", "", "C", 66.93, 66.93, 43.31, 90],
		[143, "H15_20", 3887, -1277.95, "T", "DIP", "H15_20", "", "C", 66.93, 66.93, 43.31, 90],
		[144, "H15_20", 3887, -1277.95, "B", "DIP", "H15_20", "", "C", 66.93, 66.93, 43.31, 90],
		[145, "H15_21", 3987, -1177.95, "T", "DIP", "A5", "", "C", 66.93, 66.93, 43.31, 90],
		[146, "H15_21", 3987, -1177.95, "B", "DIP", "A5", "", "C", 66.93, 66.93, 43.31, 90],
		[147, "H15_22", 3887, -1177.95, "T", "DIP", "R/W", "", "C", 66.93, 66.93, 43.31, 90],
		[148, "H15_22", 3887, -1177.95, "B", "DIP", "R/W", "", "C", 66.93, 66.93, 43.31, 90],
		[149, "H15_23", 3987, -1077.95, "T", "DIP", "A4", "", "C", 66.93, 66.93, 43.31, 90],
		[150, "H15_23", 3987, -1077.95, "B", "DIP", "A4", "", "C", 66.93, 66.93, 43.31, 90],
		[151, "H15_24", 3887, -1077.95, "T", "DIP", "E3", "", "C", 66.93, 66.93, 43.31, 90],
		[152, "H15_24", 3887, -1077.95, "B", "DIP", "E3", "", "C", 66.93, 66.93, 43.31, 90],
		[153, "H15_25", 3987, -977.95, "T", "DIP", "A3", "", "C", 66.93, 66.93, 43.31, 90],
		[154, "H15_25", 3987, -977.95, "B", "DIP", "A3", "", "C", 66.93, 66.93, 43.31, 90],
		[155, "H15_26", 3887, -977.95, "T", "DIP", "E4", "", "C", 66.93, 66.93, 43.31, 90],
		[156, "H15_26", 3887, -977.95, "B", "DIP", "E4", "", "C", 66.93, 66.93, 43.31, 90],
		[157, "H15_27", 3987, -877.95, "T", "DIP", "A2", "", "C", 66.93, 66.93, 43.31, 90],
		[158, "H15_27", 3987, -877.95, "B", "DIP", "A2", "", "C", 66.93, 66.93, 43.31, 90],
		[159, "H15_28", 3887, -877.95, "T", "DIP", "E5", "", "C", 66.93, 66.93, 43.31, 90],
		[160, "H15_28", 3887, -877.95, "B", "DIP", "E5", "", "C", 66.93, 66.93, 43.31, 90],
		[161, "H15_29", 3987, -777.95, "T", "DIP", "A1", "", "C", 66.93, 66.93, 43.31, 90],
		[162, "H15_29", 3987, -777.95, "B", "DIP", "A1", "", "C", 66.93, 66.93, 43.31, 90],
		[163, "H15_30", 3887, -777.95, "T", "DIP", "E6", "", "C", 66.93, 66.93, 43.31, 90],
		[164, "H15_30", 3887, -777.95, "B", "DIP", "E6", "", "C", 66.93, 66.93, 43.31, 90],
		[165, "H15_31", 3987, -677.95, "T", "DIP", "A0", "", "C", 66.93, 66.93, 43.31, 90],
		[166, "H15_31", 3987, -677.95, "B", "DIP", "A0", "", "C", 66.93, 66.93, 43.31, 90],
		[167, "H15_32", 3887, -677.95, "T", "DIP", "E7", "", "C", 66.93, 66.93, 43.31, 90],
		[168, "H15_32", 3887, -677.95, "B", "DIP", "E7", "", "C", 66.93, 66.93, 43.31, 90],
		[169, "H15_33", 3987, -577.95, "T", "DIP", "GROUND", "", "C", 66.93, 66.93, 43.31, 90],
		[170, "H15_33", 3987, -577.95, "B", "DIP", "GROUND", "", "C", 66.93, 66.93, 43.31, 90],
		[171, "H15_34", 3887, -577.95, "T", "DIP", "GROUND", "", "C", 66.93, 66.93, 43.31, 90],
		[172, "H15_34", 3887, -577.95, "B", "DIP", "GROUND", "", "C", 66.93, 66.93, 43.31, 90],
		[173, "H16_1", 3578.35, -2283.46, "T", "DIP", "H16_1", "", "R", 59.05, 59.05, 39.37, 180],
		[174, "H16_1", 3578.35, -2283.46, "B", "DIP", "H16_1", "", "R", 59.05, 59.05, 39.37, 180],
		[175, "H16_2", 3478.35, -2283.46, "T", "DIP", "H16_2", "", "C", 59.05, 59.05, 39.37, 180],
		[176, "H16_2", 3478.35, -2283.46, "B", "DIP", "H16_2", "", "C", 59.05, 59.05, 39.37, 180],
		[177, "H16_3", 3378.35, -2283.46, "T", "DIP", "H16_3", "", "C", 59.05, 59.05, 39.37, 180],
		[178, "H16_3", 3378.35, -2283.46, "B", "DIP", "H16_3", "", "C", 59.05, 59.05, 39.37, 180],
		[179, "H16_4", 3278.35, -2283.46, "T", "DIP", "H16_4", "", "C", 59.05, 59.05, 39.37, 180],
		[180, "H16_4", 3278.35, -2283.46, "B", "DIP", "H16_4", "", "C", 59.05, 59.05, 39.37, 180],
		[181, "H16_5", 3178.35, -2283.46, "T", "DIP", "H16_5", "", "C", 59.05, 59.05, 39.37, 180],
		[182, "H16_5", 3178.35, -2283.46, "B", "DIP", "H16_5", "", "C", 59.05, 59.05, 39.37, 180],
		[183, "H16_6", 3078.35, -2283.46, "T", "DIP", "H16_6", "", "C", 59.05, 59.05, 39.37, 180],
		[184, "H16_6", 3078.35, -2283.46, "B", "DIP", "H16_6", "", "C", 59.05, 59.05, 39.37, 180],
		[185, "H16_7", 2978.35, -2283.46, "T", "DIP", "H16_7", "", "C", 59.05, 59.05, 39.37, 180],
		[186, "H16_7", 2978.35, -2283.46, "B", "DIP", "H16_7", "", "C", 59.05, 59.05, 39.37, 180],
		[187, "H16_8", 2878.35, -2283.46, "T", "DIP", "H16_8", "", "C", 59.05, 59.05, 39.37, 180],
		[188, "H16_8", 2878.35, -2283.46, "B", "DIP", "H16_8", "", "C", 59.05, 59.05, 39.37, 180],
		[189, "H18_1", 2672.83, -2283.46, "T", "DIP", "H18_1", "", "R", 59.05, 59.05, 39.37, 180],
		[190, "H18_1", 2672.83, -2283.46, "B", "DIP", "H18_1", "", "R", 59.05, 59.05, 39.37, 180],
		[191, "H18_2", 2572.83, -2283.46, "T", "DIP", "H18_2", "", "C", 59.05, 59.05, 39.37, 180],
		[192, "H18_2", 2572.83, -2283.46, "B", "DIP", "H18_2", "", "C", 59.05, 59.05, 39.37, 180],
		[193, "H18_3", 2472.83, -2283.46, "T", "DIP", "CLOCK", "", "C", 59.05, 59.05, 39.37, 180],
		[194, "H18_3", 2472.83, -2283.46, "B", "DIP", "CLOCK", "", "C", 59.05, 59.05, 39.37, 180],
		[195, "H18_4", 2372.83, -2283.46, "T", "DIP", "H18_4", "", "C", 59.05, 59.05, 39.37, 180],
		[196, "H18_4", 2372.83, -2283.46, "B", "DIP", "H18_4", "", "C", 59.05, 59.05, 39.37, 180],
		[197, "H18_5", 2272.83, -2283.46, "T", "DIP", "H18_5", "", "C", 59.05, 59.05, 39.37, 180],
		[198, "H18_5", 2272.83, -2283.46, "B", "DIP", "H18_5", "", "C", 59.05, 59.05, 39.37, 180],
		[199, "H18_6", 2172.83, -2283.46, "T", "DIP", "H18_6", "", "C", 59.05, 59.05, 39.37, 180],
		[200, "H18_6", 2172.83, -2283.46, "B", "DIP", "H18_6", "", "C", 59.05, 59.05, 39.37, 180],
		[201, "H18_7", 2072.83, -2283.46, "T", "DIP", "H18_7", "", "C", 59.05, 59.05, 39.37, 180],
		[202, "H18_7", 2072.83, -2283.46, "B", "DIP", "H18_7", "", "C", 59.05, 59.05, 39.37, 180],
		[203, "H18_8", 1972.83, -2283.46, "T", "DIP", "H18_8", "", "C", 59.05, 59.05, 39.37, 180],
		[204, "H18_8", 1972.83, -2283.46, "B", "DIP", "H18_8", "", "C", 59.05, 59.05, 39.37, 180],
		[205, "SCREW8_1", 194.35, -194.35, "T", "DIP", "SCREW8_1", "", "C", 126, 126, 126, 0],
		[206, "SCREW8_1", 194.35, -194.35, "B", "DIP", "SCREW8_1", "", "C", 126, 126, 126, 0],
		[207, "SCREW9_1", 6099.86, -194.35, "T", "DIP", "SCREW9_1", "", "C", 126, 126, 126, 0],
		[208, "SCREW9_1", 6099.86, -194.35, "B", "DIP", "SCREW9_1", "", "C", 126, 126, 126, 0]
	]
}
}